-- phpMyAdmin SQL Dump
-- version 5.1.1
-- https://www.phpmyadmin.net/
--
-- Host: localhost
-- Waktu pembuatan: 05 Agu 2024 pada 15.50
-- Versi server: 10.4.19-MariaDB
-- Versi PHP: 8.0.7

SET SQL_MODE = "NO_AUTO_VALUE_ON_ZERO";
START TRANSACTION;
SET time_zone = "+00:00";


/*!40101 SET @OLD_CHARACTER_SET_CLIENT=@@CHARACTER_SET_CLIENT */;
/*!40101 SET @OLD_CHARACTER_SET_RESULTS=@@CHARACTER_SET_RESULTS */;
/*!40101 SET @OLD_COLLATION_CONNECTION=@@COLLATION_CONNECTION */;
/*!40101 SET NAMES utf8mb4 */;

--
-- Database: `laundry`
--

-- --------------------------------------------------------

--
-- Struktur dari tabel `hargalaundry`
--

CREATE TABLE `hargalaundry` (
  `kodelaundry` varchar(5) NOT NULL,
  `jenislaundry` varchar(100) DEFAULT NULL,
  `harga` int(11) DEFAULT NULL
) ENGINE=InnoDB DEFAULT CHARSET=utf8mb4;

--
-- Dumping data untuk tabel `hargalaundry`
--

INSERT INTO `hargalaundry` (`kodelaundry`, `jenislaundry`, `harga`) VALUES
('P002', 'Laundry Reguler', 7000),
('P003', 'Laundry Kilat', 12000),
('P004', 'Laundry Express', 10000),
('P005', 'Cuci Lipat', 6000),
('P006', 'Setrika', 5000),
('P007', 'Laundry Satuan Bed Cover ', 30000),
('P008', 'Laundry Satuan Bed Cover Kecil', 20000),
('P009', 'Laundry Satuan Bed Cover Sedang', 25000),
('P010', 'Laundry Satuan Sarung Bantal', 5000),
('P011', 'Laundry Satuan Selimut', 30000),
('P012', 'Laundry Satuan Sprei Single', 15000),
('P013', 'Laundry Satuan Sprei Double', 20000),
('P014', 'Laundry Satuan Keset', 10000),
('P015', 'Laundry Satuan Karpet', 55000),
('P016', 'Laundry Satuan Matras', 40000),
('P017', 'Laundry Satuan Handuk', 8000),
('P018', 'Laundry Satuan Jas', 15000),
('P019', 'Laundry Satuan Gaun', 15000),
('P020', 'Laundry Satuan Kemeja', 15000),
('P021', 'Laundry Satuan Rok', 20000),
('P022', 'Laundry Satuan Alat Ibadah', 10000),
('P023', 'Laundry Satuan Celana Panjang', 15000),
('P024', 'Laundry Satuan Mantel', 45000),
('P025', 'Laundry Kiloan', 20000),
('P026', 'Laundry Kuintal', 200000000);

-- --------------------------------------------------------

--
-- Struktur dari tabel `pegawai`
--

CREATE TABLE `pegawai` (
  `idpegawai` varchar(4) NOT NULL,
  `nama` varchar(100) DEFAULT NULL,
  `telp` varchar(12) NOT NULL,
  `username` varchar(32) DEFAULT NULL,
  `password` varchar(150) DEFAULT NULL
) ENGINE=InnoDB DEFAULT CHARSET=utf8mb4;

--
-- Dumping data untuk tabel `pegawai`
--

INSERT INTO `pegawai` (`idpegawai`, `nama`, `telp`, `username`, `password`) VALUES
('U001', 'Sarah Soleha', '088423456789', 'sarah', 'ec26202651ed221cf8f993668c459d46'),
('U002', 'Ahmad', '087878787872', 'ahmad', 'd37b79e4eab80c51217c0dc9c87933c3'),
('U003', 'Irene', '089723455432', 'renebaebae', 'c20b082efdd04af2d548eeb8aed71ca7'),
('U004', 'Wendy', '089765432341', 'todayis_wendy', '458c294fe32f8b7cedec230bc6333a6c');

-- --------------------------------------------------------

--
-- Struktur dari tabel `pelanggan`
--

CREATE TABLE `pelanggan` (
  `idpelanggan` varchar(5) NOT NULL,
  `nama` varchar(100) DEFAULT NULL,
  `telp` varchar(15) DEFAULT NULL
) ENGINE=InnoDB DEFAULT CHARSET=utf8mb4;

--
-- Dumping data untuk tabel `pelanggan`
--

INSERT INTO `pelanggan` (`idpelanggan`, `nama`, `telp`) VALUES
('M0001', 'Rian', '087789216735'),
('M0002', 'Budi G', '089632556794'),
('M0003', 'Ianti', '087754769302'),
('M0004', 'Eris', '085133907403'),
('M0005', 'Bayu', '082224311048'),
('M0006', 'Rifaldi', '085244074296'),
('M0007', 'Martin', '085177653922'),
('M0008', 'Mpok', '081988305943'),
('M0009', 'Rita', '087955902795'),
('M0010', 'Nurma', '083248953845'),
('M0011', 'Alfa', '083244742690'),
('M0012', 'Asep', '089858503745'),
('M0013', 'Nasira', '085693584352'),
('M0014', 'Titi', '087747603912'),
('M0015', 'Desta', '087834720391'),
('M0016', 'Mimi', '082110289365'),
('M0017', 'Sodik', '082114869163'),
('M0018', 'Sufi', '089671417865'),
('M0019', 'Mena', '081288238768'),
('M0020', 'Mifta', '087734598021'),
('M0021', 'Dewi', '081228916023'),
('M0022', 'Titin', '087783710096'),
('M0023', 'Zahra', '089643917023'),
('M0024', 'Oma K', '081281739132'),
('M0025', 'Rafly', '081336821295'),
('M0026', 'Adi H', '089667814192'),
('M0027', 'Samsi', '081571449201'),
('M0028', 'Ella', '089617139541'),
('M0029', 'Khoirul', '081294674321'),
('M0030', 'Widia G', '087771243576'),
('M0031', 'Fahri', '087773245654'),
('M0032', 'P.Sutejo', '082134563241'),
('M0033', 'Rifki', '085688325671'),
('M0034', 'M Rian', '081288546782'),
('M0035', 'P.Iwan', '087734785437'),
('M0036', 'Alamsyah', '089643552322'),
('M0037', 'Bu Rere', '081276778432'),
('M0038', 'Yusuf', '085123776823'),
('M0039', 'Hj.Tuti', '087772376778'),
('M0040', 'Demang', '081287334567'),
('M0041', 'Arif', '082176895367'),
('M0042', 'Valentina', '085478142637'),
('M0043', 'Yayan', '081245678709'),
('M0044', 'P.San', '089654778321'),
('M0045', 'Puput', '087856445678'),
('M0046', 'Alos', '089645432665'),
('M0047', 'Sari', '087777123456'),
('M0048', 'Andi', '085877654321'),
('M0049', 'Buos', '087856784322'),
('M0050', 'Dila', '085432463456'),
('M0051', 'Kiki', '085677879876'),
('M0052', 'Widsa', '081234568765'),
('M0053', 'Agung', '087776677435'),
('M0054', 'Tasya', '089678735753'),
('M0055', 'Ady', '087845632145'),
('M0056', 'Reni', '085623896537'),
('M0057', 'Astrid', '085764556765'),
('M0058', 'Sofi', '085235667456'),
('M0059', 'Gabriel', '082267648681'),
('M0060', 'Levi', '081234785643'),
('M0061', 'Bilal', '081876332564'),
('M0062', 'Mba Mar', '087774328974'),
('M0063', 'Yamana', '081251621718'),
('M0064', 'Muhammad', '081212312512'),
('M0065', 'Andri', '083987512345'),
('M0066', 'Riana', '088123451234'),
('M0067', 'Indri', '081234678890'),
('M0068', 'Rafi', '089098675431'),
('M0069', 'Gio', '088123956789'),
('M0070', 'Rev G', '087109234512'),
('M0071', 'Raffi', '081234567124'),
('M0072', 'Ummu', '081945126127'),
('M0073', 'Hana', '089109123612'),
('M0074', 'Sinta', '081561831926'),
('M0075', 'Parman', '087128935612'),
('M0076', 'Sandy', '083719236128'),
('M0077', 'Abah', '089145617287'),
('M0078', 'Oki', '089172631512'),
('M0079', 'Abi', '081231425612'),
('M0080', 'Hj.Nurul', '087123478123'),
('M0081', 'Maman', '083516372788'),
('M0082', 'Nadin', '089246781632'),
('M0083', 'Omang', '089463724738'),
('M0084', 'Aji', '087125127124'),
('M0085', 'Jennie', '087657489281');

-- --------------------------------------------------------

--
-- Struktur dari tabel `transaksi`
--

CREATE TABLE `transaksi` (
  `nonota` int(11) NOT NULL,
  `tglmsk` date NOT NULL,
  `tglsls` date NOT NULL,
  `idpegawai` varchar(4) NOT NULL,
  `idpelanggan` varchar(5) NOT NULL,
  `kodelaundry` varchar(5) NOT NULL,
  `kg` double NOT NULL,
  `totalharga` double NOT NULL,
  `ket` varchar(15) NOT NULL
) ENGINE=InnoDB DEFAULT CHARSET=utf8mb4;

--
-- Dumping data untuk tabel `transaksi`
--

INSERT INTO `transaksi` (`nonota`, `tglmsk`, `tglsls`, `idpegawai`, `idpelanggan`, `kodelaundry`, `kg`, `totalharga`, `ket`) VALUES
(10, '2024-08-10', '2024-08-17', 'U002', 'M0002', 'P004', 2, 0, 'Dibayar'),
(112, '2022-06-03', '2022-06-05', 'U002', 'M0001', 'P005', 6.025, 36150, 'Dibayar'),
(113, '2022-06-03', '2022-06-06', 'U002', 'M0002', 'P002', 3, 21000, 'Dibayar'),
(114, '2022-06-03', '2022-06-05', 'U002', 'M0003', 'P003', 6.55, 78600, 'Dibayar'),
(115, '2022-06-03', '2022-06-06', 'U002', 'M0004', 'P015', 1, 55000, 'Dibayar'),
(116, '2022-06-03', '2022-06-06', 'U002', 'M0005', 'P002', 3.17, 22190, 'Dibayar'),
(117, '2022-06-03', '2022-06-06', 'U004', 'M0006', 'P002', 3, 21000, 'Dibayar'),
(118, '2022-06-03', '2022-06-05', 'U004', 'M0007', 'P024', 1, 45000, 'Dibayar'),
(119, '2022-06-03', '2022-06-05', 'U004', 'M0008', 'P006', 6.955, 34750, 'Dibayar'),
(121, '2022-06-03', '2022-06-06', 'U004', 'M0009', 'P002', 3, 21000, 'Dibayar'),
(123, '2022-06-03', '2022-06-06', 'U004', 'M0010', 'P002', 3.255, 26785, 'Dibayar'),
(124, '2022-06-04', '2022-06-07', 'U001', 'M0011', 'P002', 6.295, 44100, 'Dibayar'),
(125, '2022-06-04', '2022-06-06', 'U001', 'M0012', 'P002', 3.06, 21420, 'Dibayar'),
(126, '2022-06-04', '2022-06-06', 'U001', 'M0013', 'P022', 1, 10000, 'Dibayar'),
(127, '2022-06-04', '2022-06-07', 'U001', 'M0014', 'P007', 1, 30000, 'Dibayar'),
(128, '2022-06-04', '2022-06-07', 'U003', 'M0015', 'P015', 1, 55000, 'Dibayar'),
(129, '2022-06-04', '2022-06-09', 'U003', 'M0016', 'P004', 3.695, 30865, 'Dibayar'),
(131, '2022-06-04', '2022-06-05', 'U003', 'M0017', 'P003', 2.88, 27000, 'Dibayar'),
(132, '2022-06-05', '2022-06-08', 'U002', 'M0018', 'P012', 6.295, 15000, 'Dibayar'),
(133, '2022-06-05', '2022-06-07', 'U002', 'M0019', 'P011', 1, 30000, 'Dibayar'),
(134, '2022-06-05', '2022-06-08', 'U002', 'M0020', 'P007', 1, 30000, 'Dibayar'),
(135, '2022-06-05', '2022-06-08', 'U001', 'M0021', 'P002', 6.65, 46550, 'Dibayar'),
(136, '2022-06-05', '2022-06-08', 'U001', 'M0022', 'P002', 3.38, 23660, 'Dibayar'),
(137, '2022-06-05', '2022-06-08', 'U001', 'M0023', 'P002', 10.225, 71575, 'Dibayar'),
(138, '2022-06-06', '2022-06-09', 'U004', 'M0024', 'P022', 1, 10000, 'Dibayar'),
(139, '2022-06-06', '2022-06-09', 'U004', 'M0025', 'P002', 12.04, 84280, 'Dibayar'),
(140, '2022-06-06', '2022-06-09', 'U004', 'M0026', 'P002', 5.035, 35246, 'Dibayar'),
(141, '2022-06-06', '2022-06-09', 'U004', 'M0027', 'P002', 3, 21000, 'Dibayar'),
(142, '2022-06-06', '2022-06-09', 'U004', 'M0028', 'P002', 3.39, 23730, 'Dibayar'),
(143, '2022-06-06', '2022-06-09', 'U004', 'M0027', 'P002', 11.475, 80325, 'Dibayar'),
(144, '2022-06-06', '2022-06-09', 'U004', 'M0027', 'P002', 7.09, 49595, 'Dibayar'),
(145, '2022-06-07', '2022-06-10', 'U001', 'M0029', 'P002', 4.935, 34545, 'Dibayar'),
(146, '2022-06-07', '2022-06-10', 'U001', 'M0030', 'P005', 6.49, 28420, 'Dibayar'),
(147, '2022-06-07', '2022-06-10', 'U001', 'M0031', 'P002', 3.845, 26950, 'Dibayar'),
(148, '2022-06-07', '2022-06-10', 'U001', 'M0032', 'P005', 7.385, 51730, 'Dibayar'),
(149, '2022-06-07', '2022-06-10', 'U001', 'M0033', 'P003', 3, 36000, 'Dibayar'),
(150, '2022-06-07', '2022-06-10', 'U001', 'M0034', 'P005', 6.18, 37080, 'Dibayar'),
(151, '2022-06-07', '2022-06-10', 'U001', 'M0035', 'P002', 3, 21000, 'Dibayar'),
(152, '2022-06-07', '2022-06-10', 'U001', 'M0036', 'P005', 6.22, 37320, 'Dibayar'),
(153, '2022-06-07', '2022-06-10', 'U001', 'M0037', 'P002', 3.515, 24605, 'Dibayar'),
(154, '2022-06-08', '2022-06-11', 'U003', 'M0038', 'P002', 4.13, 30170, 'Dibayar'),
(155, '2022-06-08', '2022-06-11', 'U003', 'M0039', 'P015', 1, 55000, 'Dibayar'),
(156, '2022-06-08', '2022-06-11', 'U003', 'M0040', 'P005', 7.72, 46320, 'Dibayar'),
(157, '2022-06-08', '2022-06-11', 'U003', 'M0041', 'P005', 7.445, 44670, 'Dibayar'),
(158, '2022-06-08', '2022-06-11', 'U003', 'M0042', 'P002', 4.875, 34125, 'Dibayar'),
(159, '2022-06-08', '2022-06-10', 'U003', 'M0043', 'P004', 9.465, 94650, 'Dibayar'),
(160, '2022-06-09', '2022-06-12', 'U002', 'M0044', 'P002', 3.01, 21070, 'Dibayar'),
(161, '2022-06-09', '2022-06-10', 'U002', 'M0045', 'P003', 4.39, 60730, 'Dibayar'),
(162, '2022-06-09', '2022-06-12', 'U002', 'M0022', 'P002', 4.645, 32515, 'Dibayar'),
(163, '2022-06-10', '2022-06-13', 'U004', 'M0023', 'P002', 10.185, 71295, 'Dibayar'),
(164, '2022-06-10', '2022-06-13', 'U004', 'M0046', 'P002', 4.525, 31675, 'Dibayar'),
(165, '2022-06-10', '2022-06-13', 'U004', 'M0047', 'P007', 1, 30000, 'Dibayar'),
(166, '2022-06-10', '2022-06-13', 'U004', 'M0048', 'P002', 3, 21000, 'Dibayar'),
(167, '2022-06-10', '2022-06-13', 'U004', 'M0049', 'P002', 5.145, 36015, 'Dibayar'),
(168, '2022-06-10', '2022-06-13', 'U004', 'M0032', 'P002', 4.69, 32830, 'Dibayar'),
(169, '2022-06-10', '2022-06-13', 'U004', 'M0008', 'P006', 8.735, 43675, 'Dibayar'),
(170, '2022-06-10', '2022-06-13', 'U004', 'M0050', 'P008', 1, 20000, 'Dibayar'),
(171, '2022-06-11', '2022-06-14', 'U001', 'M0051', 'P015', 1, 55000, 'Dibayar'),
(172, '2022-06-11', '2022-06-14', 'U001', 'M0052', 'P006', 4.775, 23875, 'Dibayar'),
(173, '2022-06-11', '2022-06-14', 'U001', 'M0053', 'P002', 8.08, 56595, 'Dibayar'),
(174, '2022-06-11', '2022-06-14', 'U001', 'M0054', 'P002', 14.315, 71575, 'Dibayar'),
(175, '2022-06-11', '2022-06-14', 'U001', 'M0055', 'P002', 3, 21000, 'Dibayar'),
(176, '2022-06-11', '2022-06-14', 'U001', 'M0001', 'P005', 5.68, 34080, 'Dibayar'),
(177, '2022-06-11', '2022-06-14', 'U001', 'M0047', 'P007', 1, 30000, 'Dibayar'),
(178, '2022-06-11', '2022-06-14', 'U001', 'M0056', 'P013', 1, 20000, 'Dibayar'),
(179, '2022-06-11', '2022-06-14', 'U001', 'M0010', 'P002', 4.17, 29100, 'Dibayar'),
(180, '2022-06-12', '2022-06-15', 'U003', 'M0057', 'P002', 3, 21000, 'Dibayar'),
(181, '2022-06-12', '2022-06-15', 'U003', 'M0028', 'P002', 6.175, 43225, 'Dibayar'),
(182, '2022-06-12', '2022-06-15', 'U003', 'M0058', 'P012', 1, 15000, 'Dibayar'),
(183, '2022-06-12', '2022-06-15', 'U003', 'M0030', 'P002', 5.44, 38080, 'Dibayar'),
(184, '2022-06-12', '2022-06-15', 'U003', 'M0016', 'P002', 3.665, 25550, 'Dibayar'),
(185, '2022-06-12', '2022-06-15', 'U003', 'M0009', 'P002', 8.49, 59400, 'Dibayar'),
(186, '2022-06-12', '2022-06-15', 'U003', 'M0059', 'P002', 4.2, 29400, 'Dibayar'),
(187, '2022-06-12', '2022-06-15', 'U003', 'M0060', 'P002', 4.82, 33740, 'Dibayar'),
(188, '2022-06-12', '2022-06-15', 'U003', 'M0061', 'P024', 1, 45000, 'Dibayar'),
(189, '2022-06-12', '2022-06-15', 'U003', 'M0062', 'P002', 4.345, 30415, 'Dibayar'),
(190, '2022-06-13', '2022-06-15', 'U001', 'M0020', 'P004', 10.4, 104000, 'Dibayar'),
(191, '2022-06-13', '2022-06-16', 'U001', 'M0053', 'P002', 6.715, 47005, 'Dibayar'),
(192, '2022-06-13', '2022-06-16', 'U002', 'M0063', 'P002', 4.8, 33600, 'Dibayar'),
(193, '2022-06-13', '2022-06-16', 'U001', 'M0064', 'P002', 5.935, 41545, 'Dibayar'),
(194, '2022-06-13', '2022-06-16', 'U001', 'M0035', 'P002', 8.03, 56210, 'Dibayar'),
(195, '2022-06-13', '2022-06-16', 'U001', 'M0065', 'P002', 3.725, 26075, 'Dibayar'),
(196, '2022-06-14', '2022-06-15', 'U002', 'M0066', 'P003', 6.685, 80220, 'Dibayar'),
(197, '2022-06-14', '2022-06-17', 'U002', 'M0002', 'P002', 5.065, 35455, 'Dibayar'),
(198, '2022-06-14', '2022-06-17', 'U002', 'M0027', 'P002', 3.425, 23975, 'Dibayar'),
(199, '2022-06-14', '2022-06-17', 'U002', 'M0023', 'P002', 15.645, 109515, 'Dibayar'),
(200, '2022-06-15', '2022-06-18', 'U004', 'M0029', 'P002', 10.155, 71085, 'Dibayar'),
(201, '2022-06-15', '2022-06-18', 'U004', 'M0067', 'P002', 4.83, 33810, 'Dibayar'),
(202, '2022-06-15', '2022-06-18', 'U004', 'M0068', 'P002', 4.645, 32550, 'Dibayar'),
(203, '2022-06-15', '2022-06-18', 'U004', 'M0028', 'P022', 1, 10000, 'Dibayar'),
(204, '2022-06-15', '2022-06-18', 'U004', 'M0045', 'P002', 4.26, 29820, 'Dibayar'),
(205, '2022-06-16', '2022-06-19', 'U003', 'M0051', 'P002', 4.705, 57050, 'Dibayar'),
(206, '2022-06-16', '2022-06-19', 'U003', 'M0007', 'P013', 1, 20000, 'Dibayar'),
(207, '2022-06-16', '2022-06-19', 'U003', 'M0021', 'P002', 6.9, 21000, 'Dibayar'),
(208, '2022-06-17', '2022-06-20', 'U001', 'M0032', 'P008', 1, 20000, 'Dibayar'),
(209, '2022-06-17', '2022-06-20', 'U001', 'M0069', 'P002', 4.92, 49000, 'Dibayar'),
(210, '2022-06-17', '2022-06-20', 'U001', 'M0037', 'P002', 11.695, 81830, 'Dibayar'),
(211, '2022-06-17', '2022-06-20', 'U001', 'M0001', 'P002', 12.745, 76470, 'Dibayar'),
(212, '2022-06-17', '2022-06-20', 'U001', 'M0070', 'P002', 5.795, 40565, 'Dibayar'),
(213, '2022-06-17', '2022-06-20', 'U001', 'M0053', 'P002', 6.02, 36120, 'Dibayar'),
(214, '2022-06-18', '2022-06-21', 'U002', 'M0022', 'P002', 6.9, 36000, 'Dibayar'),
(215, '2022-06-18', '2022-06-21', 'U002', 'M0022', 'P002', 8.715, 61005, 'Dibayar'),
(216, '2022-06-18', '2022-06-21', 'U002', 'M0028', 'P002', 6.24, 43680, 'Dibayar'),
(217, '2022-06-18', '2022-06-21', 'U002', 'M0071', 'P002', 4.42, 30940, 'Dibayar'),
(218, '2022-06-18', '2022-06-21', 'U002', 'M0016', 'P002', 7.285, 51030, 'Dibayar'),
(219, '2022-06-18', '2022-06-21', 'U002', 'M0019', 'P008', 1, 20000, 'Dibayar'),
(220, '2022-06-18', '2022-06-21', 'U002', 'M0030', 'P002', 3.035, 21245, 'Dibayar'),
(221, '2022-06-19', '2022-06-22', 'U004', 'M0056', 'P002', 4.25, 29720, 'Dibayar'),
(222, '2022-06-19', '2022-06-22', 'U004', 'M0072', 'P002', 8.955, 62720, 'Dibayar'),
(223, '2022-06-19', '2022-06-22', 'U004', 'M0073', 'P002', 6.58, 32900, 'Dibayar'),
(224, '2022-06-19', '2022-06-22', 'U004', 'M0064', 'P002', 8.665, 20850, 'Dibayar'),
(225, '2022-06-19', '2022-06-22', 'U004', 'M0074', 'P002', 4.015, 34405, 'Dibayar'),
(226, '2022-06-19', '2022-06-22', 'U004', 'M0075', 'P002', 8.555, 39885, 'Dibayar'),
(227, '2022-06-19', '2022-06-22', 'U004', 'M0038', 'P002', 8.765, 61355, 'Dibayar'),
(228, '2022-06-19', '2022-06-22', 'U004', 'M0076', 'P002', 3.715, 26005, 'Dibayar'),
(229, '2022-06-19', '2022-06-22', 'U004', 'M0058', 'P002', 3, 21000, 'Dibayar'),
(230, '2022-06-19', '2022-06-22', 'U004', 'M0007', 'P002', 4.67, 32690, 'Dibayar'),
(231, '2022-06-20', '2022-06-23', 'U003', 'M0027', 'P002', 8.4, 58800, 'Dibayar'),
(232, '2022-06-20', '2022-06-23', 'U003', 'M0008', 'P002', 5.1, 35700, 'Dibayar'),
(233, '2022-06-20', '2022-06-23', 'U003', 'M0077', 'P012', 1, 15000, 'Dibayar'),
(234, '2022-06-20', '2022-06-23', 'U003', 'M0053', 'P002', 7.555, 52850, 'Dibayar'),
(235, '2022-06-20', '2022-06-23', 'U003', 'M0078', 'P002', 6.935, 34675, 'Dibayar'),
(236, '2022-06-20', '2022-06-23', 'U003', 'M0043', 'P021', 1, 20000, 'Dibayar'),
(237, '2022-06-20', '2022-06-23', 'U003', 'M0059', 'P002', 5.67, 39690, 'Dibayar'),
(238, '2022-06-20', '2022-06-23', 'U003', 'M0079', 'P002', 8.215, 57505, 'Dibayar'),
(239, '2022-06-20', '2022-06-23', 'U003', 'M0019', 'P009', 1, 25000, 'Dibayar'),
(240, '2022-06-20', '2022-06-23', 'U003', 'M0080', 'P002', 3.3, 21000, 'Dibayar'),
(241, '2022-06-20', '2022-06-23', 'U003', 'M0058', 'P002', 5.44, 38080, 'Dibayar'),
(242, '2022-06-20', '2022-06-23', 'U003', 'M0021', 'P015', 1, 55000, 'Dibayar'),
(243, '2022-06-20', '2022-06-23', 'U003', 'M0081', 'P009', 1, 25000, 'Dibayar'),
(244, '2022-06-20', '2022-06-23', 'U003', 'M0031', 'P024', 2, 90000, 'Dibayar'),
(245, '2022-06-21', '2022-06-24', 'U003', 'M0068', 'P002', 7.5, 21000, 'Dibayar'),
(246, '2022-06-21', '2022-06-24', 'U003', 'M0082', 'P002', 8.1, 21000, 'Dibayar'),
(247, '2022-07-21', '2022-07-24', 'U003', 'M0035', 'P002', 4.69, 33795, 'Dibayar'),
(248, '2022-06-21', '2022-06-24', 'U003', 'M0072', 'P002', 6.47, 38820, 'Dibayar'),
(249, '2022-06-21', '2022-06-24', 'U003', 'M0011', 'P002', 5.51, 38535, 'Dibayar'),
(250, '2022-06-21', '2022-06-24', 'U002', 'M0083', 'P022', 1, 10000, 'Dibayar'),
(251, '2022-06-22', '2022-06-25', 'U002', 'M0016', 'P023', 1, 15000, 'Dibayar'),
(252, '2022-06-22', '2022-06-25', 'U002', 'M0008', 'P002', 8.7, 60900, 'Dibayar'),
(253, '2022-06-22', '2022-06-25', 'U002', 'M0020', 'P002', 3, 21000, 'Dibayar'),
(254, '2022-06-22', '2022-06-25', 'U002', 'M0023', 'P007', 1, 30000, 'Dibayar'),
(255, '2022-06-22', '2022-06-25', 'U002', 'M0084', 'P002', 3.55, 24885, 'Dibayar'),
(256, '2022-06-23', '2022-06-26', 'U004', 'M0002', 'P002', 11.145, 78015, 'Dibayar'),
(257, '2022-06-23', '2022-06-26', 'U004', 'M0023', 'P002', 7.745, 46470, 'Dibayar'),
(258, '2022-06-23', '2022-06-30', 'U004', 'M0002', 'P002', 4.29, 30030, 'Dibayar'),
(259, '2024-08-23', '2024-08-24', 'U004', 'M0037', 'P003', 4, 0, 'lunas');

--
-- Indexes for dumped tables
--

--
-- Indeks untuk tabel `hargalaundry`
--
ALTER TABLE `hargalaundry`
  ADD PRIMARY KEY (`kodelaundry`);

--
-- Indeks untuk tabel `pegawai`
--
ALTER TABLE `pegawai`
  ADD PRIMARY KEY (`idpegawai`);

--
-- Indeks untuk tabel `pelanggan`
--
ALTER TABLE `pelanggan`
  ADD PRIMARY KEY (`idpelanggan`);

--
-- Indeks untuk tabel `transaksi`
--
ALTER TABLE `transaksi`
  ADD PRIMARY KEY (`nonota`),
  ADD KEY `idpegawai` (`idpegawai`),
  ADD KEY `idpelanggan` (`idpelanggan`),
  ADD KEY `kodelaundry` (`kodelaundry`);

--
-- Ketidakleluasaan untuk tabel pelimpahan (Dumped Tables)
--

--
-- Ketidakleluasaan untuk tabel `transaksi`
--
ALTER TABLE `transaksi`
  ADD CONSTRAINT `transaksi_ibfk_1` FOREIGN KEY (`idpegawai`) REFERENCES `pegawai` (`idpegawai`),
  ADD CONSTRAINT `transaksi_ibfk_2` FOREIGN KEY (`idpelanggan`) REFERENCES `pelanggan` (`idpelanggan`),
  ADD CONSTRAINT `transaksi_ibfk_3` FOREIGN KEY (`kodelaundry`) REFERENCES `hargalaundry` (`kodelaundry`);
COMMIT;

/*!40101 SET CHARACTER_SET_CLIENT=@OLD_CHARACTER_SET_CLIENT */;
/*!40101 SET CHARACTER_SET_RESULTS=@OLD_CHARACTER_SET_RESULTS */;
/*!40101 SET COLLATION_CONNECTION=@OLD_COLLATION_CONNECTION */;
